{
  "extends": ["//"],
  "tasks": {
    "prisma:generate": {
      "outputs": ["prisma-client/**"],
      "inputs": ["$TURBO_DEFAULT$", "!./migrations/**"]
    },
    "prisma:migrate:dev": {
      "cache": false,
      "persistent": true,
      "env": ["DATABASE_URL"]
    },
    "prisma:migrate:deploy": {
      "cache": false,
      "persistent": true,
      "env": ["DATABASE_URL"]
    },
    "prisma:seed": {
      "cache": false,
      "env": [
        "SYMMETRIC_32_BYTES_KEY_FILE",
        "SYMMETRIC_16_BYTES_KEY_FILE",
        "CRYPTO_ALGORITHM",
        "DATABASE_URL",
        "SUPER_ADMIN_USERNAME",
        "IS_SIMULATOR_ACTIVE"
      ]
    },
    "prisma:mock": {
      "cache": false,
      "env": ["DATABASE_URL"]
    },
    "prisma:studio": {
      "cache": false
    },
    "build": {
      "dependsOn": ["@libraries/prisma-client#prisma:generate"]
    },
    "typecheck": {
      "dependsOn": ["@libraries/prisma-client#prisma:generate"],
      "inputs": ["seed/**/*.ts", "schema/**/*.ts", "utils/**/*.ts"]
    }
  }
}
